{
  "trainable_layers": "all",
  "num_epochs": 5,
  "batch_size": 8,
  "model_size": "gpt2-large (774M)",
  "train_losses": [
    2.430268096923828,
    0.08525496795773506,
    0.01659892974421382,
    0.001691861532162875,
    0.00019219641835661606,
    0.00018923469324363395,
    0.00010242144198855386,
    0.00014642623173131142,
    8.13766266219318e-05,
    5.214527882344555e-05,
    4.924359345750418e-05,
    3.685166811919771e-05,
    4.3450529847177674e-05,
    2.9571651430160274e-05
  ],
  "val_losses": [
    2.583484077453613,
    0.17693448662757874,
    0.0980098437750712,
    0.21447382684855257,
    0.2772922381904209,
    0.2955020315712318,
    0.3068494329934765,
    0.31489345412264813,
    0.32230961709065015,
    0.3276630606767867,
    0.3317612298025779,
    0.335213588012266,
    0.3383444595343462,
    0.3407387188010034
  ],
  "loss_eval_steps": [
    0,
    50,
    100,
    150,
    200,
    250,
    300,
    350,
    400,
    450,
    500,
    550,
    600,
    650
  ],
  "loss_eval_examples": [
    8,
    408,
    808,
    1208,
    1608,
    2008,
    2408,
    2808,
    3208,
    3608,
    4008,
    4408,
    4808,
    5208
  ],
  "train_accs": [
    1.0,
    1.0,
    1.0,
    1.0,
    1.0
  ],
  "val_accs": [
    0.925,
    0.95,
    0.95,
    0.95,
    0.95
  ],
  "epoch_end_examples": [
    1072,
    2144,
    3216,
    4288,
    5360
  ],
  "final_train_accuracy": 1.0,
  "final_val_accuracy": 0.9783549783549783,
  "final_test_accuracy": 0.987012987012987,
  "time_minutes": 1.7246463457743326,
  "_run_label": "full",
  "_returncode": 0
}