{
  "trainable_layers": "lora",
  "num_epochs": 5,
  "batch_size": 8,
  "model_size": "gpt2-large (774M)",
  "total_params": 787330679,
  "trainable_params": 13300599,
  "train_losses": [
    1.9879274845123291,
    1.7410107374191284,
    1.6811301469802857,
    0.03476676046848297,
    0.007230869866907597,
    0.0017758599016815424,
    0.0015661655692383648,
    0.001027435204014182,
    0.0008015388855710625,
    0.0005788644077256322,
    0.0005376490473281593,
    0.0005388039338868111,
    0.0003883424855303019,
    0.00033800708479247987
  ],
  "val_losses": [
    1.988638663291931,
    1.9111002922058105,
    1.9020012617111206,
    0.33241438716650007,
    0.037171987583860755,
    0.03557801900897175,
    0.030732957110740245,
    0.028392371954396367,
    0.028950004489161074,
    0.02842936064116657,
    0.027733154827728868,
    0.026942396780941635,
    0.02721495713922195,
    0.026747918984619902
  ],
  "loss_eval_steps": [
    0,
    50,
    100,
    150,
    200,
    250,
    300,
    350,
    400,
    450,
    500,
    550,
    600,
    650
  ],
  "loss_eval_examples": [
    8,
    408,
    808,
    1208,
    1608,
    2008,
    2408,
    2808,
    3208,
    3608,
    4008,
    4408,
    4808,
    5208
  ],
  "train_accs": [
    0.825,
    1.0,
    1.0,
    1.0,
    1.0
  ],
  "val_accs": [
    0.675,
    1.0,
    1.0,
    1.0,
    1.0
  ],
  "epoch_end_examples": [
    1072,
    2144,
    3216,
    4288,
    5360
  ],
  "final_train_accuracy": 1.0,
  "final_val_accuracy": 1.0,
  "final_test_accuracy": 1.0,
  "time_minutes": 1.775474242369334,
  "classification_report": {
    "account_locked": {
      "precision": 1.0,
      "recall": 1.0,
      "f1-score": 1.0,
      "support": 34
    },
    "billing_refund": {
      "precision": 1.0,
      "recall": 1.0,
      "f1-score": 1.0,
      "support": 23
    },
    "cancel_subscription": {
      "precision": 1.0,
      "recall": 1.0,
      "f1-score": 1.0,
      "support": 27
    },
    "password_reset": {
      "precision": 1.0,
      "recall": 1.0,
      "f1-score": 1.0,
      "support": 35
    },
    "shipping_delay": {
      "precision": 1.0,
      "recall": 1.0,
      "f1-score": 1.0,
      "support": 39
    },
    "technical_bug": {
      "precision": 1.0,
      "recall": 1.0,
      "f1-score": 1.0,
      "support": 37
    },
    "update_payment": {
      "precision": 1.0,
      "recall": 1.0,
      "f1-score": 1.0,
      "support": 36
    }
  },
  "confusion_matrix": [
    [
      34,
      0,
      0,
      0,
      0,
      0,
      0
    ],
    [
      0,
      23,
      0,
      0,
      0,
      0,
      0
    ],
    [
      0,
      0,
      27,
      0,
      0,
      0,
      0
    ],
    [
      0,
      0,
      0,
      35,
      0,
      0,
      0
    ],
    [
      0,
      0,
      0,
      0,
      39,
      0,
      0
    ],
    [
      0,
      0,
      0,
      0,
      0,
      37,
      0
    ],
    [
      0,
      0,
      0,
      0,
      0,
      0,
      36
    ]
  ],
  "confusion_matrix_labels": [
    "account_locked",
    "billing_refund",
    "cancel_subscription",
    "password_reset",
    "shipping_delay",
    "technical_bug",
    "update_payment"
  ],
  "misclassified_examples": [],
  "lora_rank": 16,
  "lora_alpha": 16,
  "_run_label": "lora",
  "_returncode": 0
}