{
  "trainable_layers": "lora",
  "num_epochs": 5,
  "batch_size": 8,
  "model_size": "gpt2-large (774M)",
  "train_losses": [
    2.2412463665008544,
    0.1905769782140851,
    0.20710180513560772,
    0.000460741575807333,
    0.00015856746322242543,
    0.00015206494426820428,
    6.345880829030647e-05,
    8.864036935847252e-05,
    4.404601531859953e-05,
    3.4080650948453695e-05,
    3.701896275742911e-05,
    3.292444416729268e-05,
    3.6776469278265723e-05,
    2.851970675692428e-05
  ],
  "val_losses": [
    2.3498857498168944,
    0.6550170093774795,
    0.2292814439162612,
    0.3586809768137755,
    0.3758172357469448,
    0.38646417246127385,
    0.39330037496984005,
    0.39919090198200136,
    0.40469269971217725,
    0.40938402470128493,
    0.41255338922528606,
    0.415229578653998,
    0.4179286262737151,
    0.4196325295684801
  ],
  "loss_eval_steps": [
    0,
    50,
    100,
    150,
    200,
    250,
    300,
    350,
    400,
    450,
    500,
    550,
    600,
    650
  ],
  "loss_eval_examples": [
    8,
    408,
    808,
    1208,
    1608,
    2008,
    2408,
    2808,
    3208,
    3608,
    4008,
    4408,
    4808,
    5208
  ],
  "train_accs": [
    1.0,
    1.0,
    1.0,
    1.0,
    1.0
  ],
  "val_accs": [
    0.95,
    0.95,
    0.95,
    0.95,
    0.95
  ],
  "epoch_end_examples": [
    1072,
    2144,
    3216,
    4288,
    5360
  ],
  "final_train_accuracy": 1.0,
  "final_val_accuracy": 0.9783549783549783,
  "final_test_accuracy": 0.987012987012987,
  "time_minutes": 1.897660005092621,
  "lora_rank": 8,
  "lora_alpha": 16,
  "_run_label": "lora",
  "_returncode": 0
}