{
  "trainable_layers": "lora",
  "num_epochs": 5,
  "batch_size": 8,
  "model_size": "gpt2-large (774M)",
  "total_params": 787330679,
  "trainable_params": 13300599,
  "train_losses": [
    2.0034722089767456,
    1.9320169687271118,
    1.893458652496338,
    1.8949692249298096,
    0.12434089779853821,
    0.012039324175566435,
    0.003135372535325587,
    0.050922870985232294,
    0.0038550751633010805,
    0.0022610130021348596,
    0.0008494958514347672,
    0.0006754297181032598,
    0.000821640674257651,
    0.0006672047195024789
  ],
  "val_losses": [
    1.9915220737457275,
    1.9419378280639648,
    1.9438138008117676,
    1.9018412828445435,
    0.11633173823356628,
    0.005902185686863959,
    0.0017367773223668336,
    0.0010601624380797148,
    0.0023731260444037616,
    0.0009194618207402528,
    0.0006184761703480035,
    0.0005291428475175053,
    0.00047399725881405177,
    0.0004140904435189441
  ],
  "loss_eval_steps": [
    0,
    50,
    100,
    150,
    200,
    250,
    300,
    350,
    400,
    450,
    500,
    550,
    600,
    650
  ],
  "loss_eval_examples": [
    8,
    408,
    808,
    1208,
    1608,
    2008,
    2408,
    2808,
    3208,
    3608,
    4008,
    4408,
    4808,
    5208
  ],
  "train_accs": [
    0.25,
    1.0,
    0.975,
    1.0,
    1.0
  ],
  "val_accs": [
    0.225,
    1.0,
    1.0,
    1.0,
    1.0
  ],
  "epoch_end_examples": [
    1072,
    2144,
    3216,
    4288,
    5360
  ],
  "final_train_accuracy": 1.0,
  "final_val_accuracy": 1.0,
  "final_test_accuracy": 1.0,
  "time_minutes": 1.939475683371226,
  "classification_report": {
    "account_locked": {
      "precision": 1.0,
      "recall": 1.0,
      "f1-score": 1.0,
      "support": 34
    },
    "billing_refund": {
      "precision": 1.0,
      "recall": 1.0,
      "f1-score": 1.0,
      "support": 23
    },
    "cancel_subscription": {
      "precision": 1.0,
      "recall": 1.0,
      "f1-score": 1.0,
      "support": 27
    },
    "password_reset": {
      "precision": 1.0,
      "recall": 1.0,
      "f1-score": 1.0,
      "support": 35
    },
    "shipping_delay": {
      "precision": 1.0,
      "recall": 1.0,
      "f1-score": 1.0,
      "support": 39
    },
    "technical_bug": {
      "precision": 1.0,
      "recall": 1.0,
      "f1-score": 1.0,
      "support": 37
    },
    "update_payment": {
      "precision": 1.0,
      "recall": 1.0,
      "f1-score": 1.0,
      "support": 36
    }
  },
  "confusion_matrix": [
    [
      34,
      0,
      0,
      0,
      0,
      0,
      0
    ],
    [
      0,
      23,
      0,
      0,
      0,
      0,
      0
    ],
    [
      0,
      0,
      27,
      0,
      0,
      0,
      0
    ],
    [
      0,
      0,
      0,
      35,
      0,
      0,
      0
    ],
    [
      0,
      0,
      0,
      0,
      39,
      0,
      0
    ],
    [
      0,
      0,
      0,
      0,
      0,
      37,
      0
    ],
    [
      0,
      0,
      0,
      0,
      0,
      0,
      36
    ]
  ],
  "confusion_matrix_labels": [
    "account_locked",
    "billing_refund",
    "cancel_subscription",
    "password_reset",
    "shipping_delay",
    "technical_bug",
    "update_payment"
  ],
  "misclassified_examples": [],
  "lora_rank": 16,
  "lora_alpha": 16,
  "_run_label": "lora",
  "_returncode": 0
}