{
  "trainable_layers": "all",
  "num_epochs": 5,
  "batch_size": 8,
  "model_size": "gpt2-large (774M)",
  "total_params": 774039047,
  "trainable_params": 774039047,
  "train_losses": [
    2.585233211517334,
    1.0282872200012207,
    0.08636941947042942,
    0.03494594658841379,
    0.056594579666852954,
    0.0012412815121933818,
    0.00036893298965878785,
    0.0005606860562693327,
    0.00011751576603273861,
    0.00010814572378876619,
    0.0001038137444993481,
    7.027619794826023e-05,
    6.843792580184527e-05,
    9.84401151072234e-05
  ],
  "val_losses": [
    2.7189494609832763,
    0.5921093165874481,
    0.1321252179797739,
    0.03677427803631872,
    0.033924625255167484,
    0.014234474499244244,
    0.006670300630503334,
    0.0002620552069856785,
    0.00018776762153720482,
    0.00014579383860109375,
    0.00011393153108656407,
    9.656750444264617e-05,
    8.30644345114706e-05,
    7.111026679922361e-05
  ],
  "loss_eval_steps": [
    0,
    50,
    100,
    150,
    200,
    250,
    300,
    350,
    400,
    450,
    500,
    550,
    600,
    650
  ],
  "loss_eval_examples": [
    8,
    408,
    808,
    1208,
    1608,
    2008,
    2408,
    2808,
    3208,
    3608,
    4008,
    4408,
    4808,
    5208
  ],
  "train_accs": [
    0.975,
    1.0,
    1.0,
    1.0,
    1.0
  ],
  "val_accs": [
    1.0,
    1.0,
    1.0,
    1.0,
    1.0
  ],
  "epoch_end_examples": [
    1072,
    2144,
    3216,
    4288,
    5360
  ],
  "final_train_accuracy": 1.0,
  "final_val_accuracy": 1.0,
  "final_test_accuracy": 1.0,
  "time_minutes": 1.778988035519918,
  "classification_report": {
    "account_locked": {
      "precision": 1.0,
      "recall": 1.0,
      "f1-score": 1.0,
      "support": 34
    },
    "billing_refund": {
      "precision": 1.0,
      "recall": 1.0,
      "f1-score": 1.0,
      "support": 23
    },
    "cancel_subscription": {
      "precision": 1.0,
      "recall": 1.0,
      "f1-score": 1.0,
      "support": 27
    },
    "password_reset": {
      "precision": 1.0,
      "recall": 1.0,
      "f1-score": 1.0,
      "support": 35
    },
    "shipping_delay": {
      "precision": 1.0,
      "recall": 1.0,
      "f1-score": 1.0,
      "support": 39
    },
    "technical_bug": {
      "precision": 1.0,
      "recall": 1.0,
      "f1-score": 1.0,
      "support": 37
    },
    "update_payment": {
      "precision": 1.0,
      "recall": 1.0,
      "f1-score": 1.0,
      "support": 36
    }
  },
  "confusion_matrix": [
    [
      34,
      0,
      0,
      0,
      0,
      0,
      0
    ],
    [
      0,
      23,
      0,
      0,
      0,
      0,
      0
    ],
    [
      0,
      0,
      27,
      0,
      0,
      0,
      0
    ],
    [
      0,
      0,
      0,
      35,
      0,
      0,
      0
    ],
    [
      0,
      0,
      0,
      0,
      39,
      0,
      0
    ],
    [
      0,
      0,
      0,
      0,
      0,
      37,
      0
    ],
    [
      0,
      0,
      0,
      0,
      0,
      0,
      36
    ]
  ],
  "confusion_matrix_labels": [
    "account_locked",
    "billing_refund",
    "cancel_subscription",
    "password_reset",
    "shipping_delay",
    "technical_bug",
    "update_payment"
  ],
  "misclassified_examples": [],
  "_run_label": "full",
  "_returncode": 0
}